cycle_length,initial_state,mean_absorption_time,variance,prob_cheese,prob_cat
3,3,18.000000,258.000000,0.500000,0.500000
4,3,21.000000,392.000000,0.500000,0.500000
5,3,24.000000,568.000000,0.500000,0.500000
6,3,27.000000,792.000000,0.500000,0.500000
7,3,30.000000,1070.000000,0.500000,0.500000
8,3,33.000000,1408.000000,0.500000,0.500000
9,3,36.000000,1812.000000,0.500000,0.500000
10,3,39.000000,2288.000000,0.500000,0.500000
11,3,42.000000,2842.000000,0.500000,0.500000
12,3,45.000000,3480.000000,0.500000,0.500000
13,3,48.000000,4208.000000,0.500000,0.500000
14,3,51.000000,5032.000000,0.500000,0.500000
15,3,54.000000,5958.000000,0.500000,0.500000
