number_of_dead_ends,dead_end_length,initial_state,mean_absorption_time,variance,prob_cheese,prob_cat
1,3,7,53.000000,1806.857143,0.500000,0.500000
2,3,7,59.000000,2349.714286,0.500000,0.500000
3,3,7,67.000000,3277.714286,0.500000,0.500000
4,3,7,77.000000,4616.000000,0.500000,0.500000
5,3,7,89.000000,6310.857143,0.500000,0.500000
6,3,7,103.000000,8206.857143,0.500000,0.500000
7,3,7,115.000000,10080.000000,0.500000,0.500000
8,3,7,125.000000,11765.714286,0.500000,0.500000
9,3,7,133.000000,13125.714286,0.500000,0.500000
10,3,7,139.000000,14070.857143,0.500000,0.500000
