topology,added_vertices,total_vertices,initial_state,mean_absorption_time,variance,prob_cheese,prob_cat
dead_end,2,9,3,15.000000,184.000000,0.500000,0.500000
petal_cycle,2,9,3,18.000000,258.000000,0.500000,0.500000
bypass_route,2,9,3,15.000000,178.000000,0.500000,0.500000
dead_end,3,10,3,18.000000,339.000000,0.500000,0.500000
petal_cycle,3,10,3,21.000000,392.000000,0.500000,0.500000
bypass_route,3,10,3,17.000000,256.000000,0.500000,0.500000
dead_end,4,11,3,21.000000,584.000000,0.500000,0.500000
petal_cycle,4,11,3,24.000000,568.000000,0.500000,0.500000
bypass_route,4,11,3,19.000000,358.000000,0.500000,0.500000
dead_end,5,12,3,24.000000,943.000000,0.500000,0.500000
petal_cycle,5,12,3,27.000000,792.000000,0.500000,0.500000
bypass_route,5,12,3,21.000000,488.000000,0.500000,0.500000
dead_end,6,13,3,27.000000,1440.000000,0.500000,0.500000
petal_cycle,6,13,3,30.000000,1070.000000,0.500000,0.500000
bypass_route,6,13,3,23.000000,650.000000,0.500000,0.500000
dead_end,7,14,3,30.000000,2099.000000,0.500000,0.500000
petal_cycle,7,14,3,33.000000,1408.000000,0.500000,0.500000
bypass_route,7,14,3,25.000000,848.000000,0.500000,0.500000
dead_end,8,15,3,33.000000,2944.000000,0.500000,0.500000
petal_cycle,8,15,3,36.000000,1812.000000,0.500000,0.500000
bypass_route,8,15,3,27.000000,1086.000000,0.500000,0.500000
dead_end,9,16,3,36.000000,3999.000000,0.500000,0.500000
petal_cycle,9,16,3,39.000000,2288.000000,0.500000,0.500000
bypass_route,9,16,3,29.000000,1368.000000,0.500000,0.500000
dead_end,10,17,3,39.000000,5288.000000,0.500000,0.500000
petal_cycle,10,17,3,42.000000,2842.000000,0.500000,0.500000
bypass_route,10,17,3,31.000000,1698.000000,0.500000,0.500000
