graph_size,initial_state,mean_absorption_time,variance,prob_cheese,prob_cat
5,2,4.000000,8.000000,0.500000,0.500000
9,4,16.000000,160.000000,0.500000,0.500000
13,6,36.000000,840.000000,0.500000,0.500000
17,8,64.000000,2688.000000,0.500000,0.500000
21,10,100.000000,6600.000000,0.500000,0.500000
25,12,144.000000,13728.000000,0.500000,0.500000
29,14,196.000000,25480.000000,0.500000,0.500000
33,16,256.000000,43520.000000,0.500000,0.500000
37,18,324.000000,69768.000000,0.500000,0.500000
41,20,400.000000,106400.000000,0.500000,0.500000
